model,fold,roc_auc,average_precision,train_rows,validation_rows
Dummy baseline,1,0.5,0.5980952380952381,3149,1050
Dummy baseline,2,0.5,0.679047619047619,3674,1050
Dummy baseline,3,0.5,0.74,4199,1050
Logistic Regression,1,0.6740159084734506,0.7468261229209474,3149,1050
Logistic Regression,2,0.6897923681023469,0.823671305683285,3674,1050
Logistic Regression,3,0.6850995422423993,0.8625937314514718,4199,1050
Random Forest,1,0.6769440335677845,0.7302168795062425,3149,1050
Random Forest,2,0.6876282352745328,0.8107348774248475,3674,1050
Random Forest,3,0.7218403646975075,0.8663486508476713,4199,1050
